image,celeb_name,prop
f_001,Abigail Breslin,100.0
f_002,Adele Laurie Blue Adkins,100.0
f_003,Jaime Pressly,53.0
f_004,Alanis Morissette,100.0
f_005,Alessandra Ambrosio,100.0
f_006,Odette Annable,72.0
f_007,Alexis Bledel,100.0
f_008,Alicia Silverstone,100.0
f_009,Allison Janney,100.0
f_010,Alyssa Milano,100.0
f_011,Amanda Bynes,76.0
f_012,Amanda Seyfried,77.0
f_013,Amber Rose,55.0
f_014,Amy Adams,79.0
f_015,Amy Poehler,100.0
f_016,Amy Schumer,100.0
f_017,Amy Winehouse,100.0
f_018,Angelina Jolie,100.0
f_019,Anna Faris,100.0
f_020,Anna Kendrick,100.0
f_021,Anna Kournikova,100.0
f_022,AnnaSophia Robb,100.0
f_023,Anna Wintour,100.0
f_024,Anne Hathaway,100.0
f_025,Ariana Grande,100.0
f_026,Ashlee Simpson,100.0
f_027,Ashley Judd,100.0
f_028,Ashley Olsen,100.0
f_029,Avril Lavigne,100.0
f_030,Bar Refaeli,100.0
f_031,none,0.0
f_032,Bethenny Frankel,100.0
f_033,none,0.0
f_034,Beyoncé,100.0
f_035,none,0.0
f_036,Blake Lively,100.0
f_037,Bridget Marquardt,77.0
f_038,Brittany Murphy,100.0
f_039,none,0.0
f_040,Brooke Shields,73.0
f_041,Brooklyn Decker,100.0
f_042,Maggie Carey,72.0
f_043,Cacee Cobb,100.0
f_044,Camila Alves,100.0
f_045,Cameron Diaz,100.0
f_046,Camille Grammer,100.0
f_047,Camilla Belle,100.0
f_048,Camille Grammer,100.0
f_049,Candice Accola,100.0
f_050,Cara Delevingne,100.0
f_051,Carey Mulligan,100.0
f_052,Carly Rae Jepsen,100.0
f_053,Carmen Electra,100.0
f_054,none,0.0
f_055,Caroline Manzo,100.0
f_056,none,0.0
f_057,Carrie Ann Inaba,100.0
f_058,Carrie Fisher,73.0
f_059,Carrie Underwood,100.0
f_060,none,0.0
f_061,Cat Deeley,100.0
f_062,Cate Blanchett,100.0
f_063,Catherine Zeta-Jones,100.0
f_064,Celine Dion,72.0
f_065,Chandra Wilson,100.0
f_066,Charlize Theron,100.0
f_067,Chelsea Clinton,100.0
f_068,Chelsea Handler,100.0
f_069,none,0.0
f_070,Chelsea Kane,60.0
f_071,none,0.0
f_072,Chloe Grace Moretz,73.0
f_073,Chrissy Teigen,100.0
f_074,none,0.0
f_075,Christina Aguilera,100.0
f_076,Christina Applegate,100.0
f_077,Christina Hendricks,100.0
f_078,Christina Milian,100.0
f_079,Christine Taylor,100.0
f_080,Gillian Jacobs,52.0
f_081,Ciara,100.0
f_082,Cindy Crawford,78.0
f_083,Claire Danes,78.0
f_084,Brigitte Bardot,76.0
f_085,Connie Britton,100.0
f_086,Courteney Cox,100.0
f_087,Courtney Love,100.0
f_088,Crystal Harris,100.0
f_089,Cynthia Nixon,100.0
f_090,none,0.0
f_091,Dakota Fanning,100.0
f_092,Dakota Johnson,100.0
f_093,Debra Messing,100.0
f_094,Demi Lovato,77.0
f_095,Demi Moore,100.0
f_096,Denise Richards,100.0
f_097,Desiree Hartsock,76.0
f_098,Diane Kruger,100.0
f_099,Cyndi Lauper,60.0
f_100,Dianna Agron,100.0
f_101,Dolly Parton,52.0
f_102,Edie Falco,100.0
f_103,Leah Pipes,74.0
f_104,Elisabeth Hasselbeck,100.0
f_105,Elisabeth Moss,100.0
f_106,Elisabetta Canalis,100.0
f_107,Elizabeth Banks,100.0
f_108,Leslie Bibb,54.0
f_109,Elizabeth Olsen,100.0
f_110,Elizabeth Taylor,100.0
f_111,Elle Fanning,100.0
f_112,Elle Macpherson,100.0
f_113,Ellen Lee DeGeneres,100.0
f_114,Ellen Page,100.0
f_115,Ellen Pompeo,100.0
f_116,none,0.0
f_117,Sasha Luss,75.0
f_118,Emilia Clarke,100.0
f_119,Emily Blunt,100.0
f_120,Emily Deschanel,100.0
f_121,Emily Maynard,100.0
f_122,Emily VanCamp,100.0
f_123,Emma Roberts,59.0
f_124,Emma Stone,100.0
f_125,Emma Watson,100.0
f_126,Emmy Rossum,100.0
f_127,Erin Andrews,100.0
f_128,Erykah Badu,100.0
f_129,none,0.0
f_130,Eva Longoria,100.0
f_131,Eva Mendes,100.0
f_132,Evan Rachel Wood,100.0
f_133,Evangeline Lilly,79.0
f_134,Faith Hill,100.0
f_135,Fantasia Barrino,100.0
f_136,Farrah Abraham,72.0
f_137,Farrah Fawcett,100.0
f_138,Felicity Huffman,100.0
f_139,none,0.0
f_140,none,0.0
f_141,Eva Green,53.0
f_142,none,0.0
f_143,Freida Pinto,100.0
f_144,Gabourey Sidibe,78.0
f_145,none,0.0
f_146,Gabrielle Union,79.0
f_147,Gail Simmons,100.0
f_148,Gal Gadot,100.0
f_149,Geena Davis,100.0
f_150,Gigi Hadid,100.0
f_151,Ginnifer Goodwin,100.0
f_152,Kelly Lynch,55.0
f_153,Giuliana Rancic,100.0
f_154,Goldie Hawn,100.0
f_155,Gwen Stefani,100.0
f_156,none,0.0
f_157,Gwyneth Paltrow,100.0
f_158,Hailee Steinfeld,100.0
f_159,Halle Berry,100.0
f_160,Hayden Panettiere,72.0
f_161,Haylie Duff,100.0
f_162,Heather Graham,100.0
f_163,none,0.0
f_164,Heather McDonald,100.0
f_165,Heather Morris,100.0
f_166,Heidi Klum,76.0
f_167,Heidi Montag,100.0
f_168,Helen Hunt,100.0
f_169,Kathy Griffin,51.0
f_170,Valorie Curry,61.0
f_171,Hilary Swank,100.0
f_172,Holly Madison,100.0
f_173,Idina Menzel,100.0
f_174,Iggy Azalea,100.0
f_175,Isabella Rossellini,72.0
f_176,Isla Fisher,100.0
f_177,Ivanka Trump,100.0
f_178,Jacqueline Laurita,100.0
f_179,Jada Pinkett Smith,100.0
f_180,Jaime King,100.0
f_181,Jaime Pressly,100.0
f_182,Jamie Lynn Spears,100.0
f_183,Jamie-Lynn Sigler,100.0
f_184,Jane Krakowski,100.0
f_185,Jane Lynch,100.0
f_186,Janeane Garofalo,100.0
f_187,Janelle Monae,100.0
f_188,Janet Jackson,100.0
f_189,Janice Dickinson,77.0
f_190,January Jones,100.0
f_191,none,0.0
f_192,Jenna Coleman,100.0
f_193,Jenna Dewan,100.0
f_194,Jenna Elfman,100.0
f_195,Jenna Fischer,79.0
f_196,Jenna Ushkowitz,100.0
f_197,Jennie Garth,100.0
f_198,Jennifer Aniston,100.0
f_199,Jennifer Connelly,100.0
f_200,Jennifer Garner,100.0
f_201,Jennifer Grey,100.0
f_202,none,0.0
f_203,Jennifer Lawrence,100.0
f_204,Jennifer Lopez,100.0
f_205,Jennifer Love Hewitt,100.0
f_206,none,0.0
f_207,Jenny McCarthy,100.0
f_208,Jessica Alba,100.0
f_209,Jessica Biel,100.0
f_210,Jessica Chastain,100.0
f_211,Jessica Lowndes,100.0
f_212,Jessica Simpson,100.0
f_213,Jessica Stroup,100.0
f_214,Jessica Szohr,100.0
f_215,Jill Zarin,100.0
f_216,none,0.0
f_217,Jillian Michaels,100.0
f_218,none,0.0
f_219,JoAnna Garcia,100.0
f_220,Jordana Brewster,100.0
f_221,Kat Graham,100.0
f_222,Lainie Kazan,61.0
f_223,Judi Dench,100.0
f_224,Julia Louis-Dreyfus,100.0
f_225,Julia Roberts,100.0
f_226,Julianne Hough,100.0
f_227,Julianne Moore,100.0
f_228,Julie Bowen,100.0
f_229,Juliette Lewis,100.0
f_230,Kaley Cuoco,100.0
f_231,Karina Smirnoff,100.0
f_232,Melissa Sagemiller,51.0
f_233,Karrueche Tran,100.0
f_234,Kat DeLuna,100.0
f_235,Kat Dennings,100.0
f_236,Kat Graham,100.0
f_237,Kate Beckinsale,100.0
f_238,Kate Bosworth,100.0
f_239,Kate Gosselin,100.0
f_240,Kate Hudson,100.0
f_241,Kate Middleton,100.0
f_242,Kate Moss,100.0
f_243,Kate Upton,100.0
f_244,Kate Walsh,100.0
f_245,Kate Winslet,100.0
f_246,Katharine McPhee,100.0
f_247,Katherine Heigl,100.0
f_248,none,0.0
f_249,Kathy Griffin,100.0
f_250,Kathy Ireland,100.0
f_251,Katie Cassidy,100.0
f_252,Katie Couric,100.0
f_253,Katie Holmes,73.0
f_254,Katrina Bowden,55.0
f_255,Katy Perry,100.0
f_256,Keira Knightley,100.0
f_257,Sarah Gadon,54.0
f_258,none,0.0
f_259,Kelly Clarkson,100.0
f_260,none,0.0
f_261,Kelly Preston,100.0
f_262,Kelly Ripa,100.0
f_263,Kelly Rowan,100.0
f_264,Embeth Davidtz,52.0
f_265,Kendall Jenner,100.0
f_266,Kendra Wilkinson,74.0
f_267,Naomi Campbell,100.0
f_268,Keri Russell,100.0
f_269,Kerry Washington,100.0
f_270,Kesha,100.0
f_271,Keyshia Cole,100.0
f_272,Khloé Kardashian,100.0
f_273,none,0.0
f_274,Karine Vanasse,51.0
f_275,none,0.0
f_276,Kim Zolciak,78.0
f_277,none,0.0
f_278,Kimora Lee Simmons,100.0
f_279,Kirsten Dunst,78.0
f_280,Kirstie Alley,100.0
f_281,Kourtney Kardashian,100.0
f_282,Kris Jenner,100.0
f_283,none,0.0
f_284,Kristen Bell,100.0
f_285,Kristen Stewart,100.0
f_286,Kristen Wiig,100.0
f_287,Kristin Cavallari,100.0
f_288,Kristin Davis,100.0
f_289,Kyle Richards,100.0
f_290,Kylie Jenner,100.0
f_291,Evangeline Lilly,60.0
f_292,Kyra Sedgwick,100.0
f_293,Lady Gaga,100.0
f_294,Lana Del Rey,100.0
f_295,Lara Flynn Boyle,100.0
f_296,Laura Dern,100.0
f_297,Lily Aldridge,100.0
f_298,Lauren Conrad,100.0
f_299,Lauren Graham,100.0
f_300,Lauren Holly,100.0
f_301,Laurie Hernandez,100.0
f_302,Lea Michele,100.0
f_303,LeAnn Rimes,100.0
f_304,none,0.0
f_305,Leighton Meester,100.0
f_306,Lena Dunham,100.0
f_307,Leona Lewis,100.0
f_308,Janet Jackson,76.0
f_309,Lily Aldridge,100.0
f_310,Lily Allen,100.0
f_311,Lily Collins,100.0
f_312,Linda Cardellini,100.0
f_313,none,0.0
f_314,Lindsay Lohan,100.0
f_315,none,0.0
f_316,Lisa Bonet,100.0
f_317,Lisa Edelstein,100.0
f_318,none,0.0
f_319,none,0.0
f_320,Lisa Marie Presley,100.0
f_321,Lisa Snowdon,100.0
f_322,Liv Tyler,100.0
f_323,Holly Montag,60.0
f_324,none,0.0
f_325,LuAnn De Lesseps,73.0
f_326,none,0.0
f_327,Lucy Hale,100.0
f_328,Lucy Liu,100.0
f_329,Lupita Nyong'o,100.0
f_330,Maci Bookout,79.0
f_331,Madonna,72.0
f_332,Maggie Gyllenhaal,100.0
f_333,Maisie Williams,100.0
f_334,Malin Akerman,100.0
f_335,Mandy Moore,78.0
f_336,Marcia Cross,100.0
f_337,Maria Menounos,100.0
f_338,Maria Sharapova,100.0
f_339,none,0.0
f_340,Mariah Carey,100.0
f_341,Mariska Hargitay,100.0
f_342,Martha Stewart,100.0
f_343,none,0.0
f_344,Mary J. Blige,100.0
f_345,none,0.0
f_346,Mary-Kate Olsen,100.0
f_347,Mary-Louise Parker,100.0
f_348,Meg Ryan,100.0
f_349,Megan Fox,100.0
f_350,Megan Mullally,100.0
f_351,none,0.0
f_352,Mélanie Laurent,100.0
f_353,Melissa Gorga,100.0
f_354,Melissa McCarthy,100.0
f_355,Melissa Rycroft,71.0
f_356,Mena Suvari,100.0
f_357,Meryl Streep,100.0
f_358,Mia Farrow,100.0
f_359,Michelle Obama,78.0
f_360,Michelle Trachtenberg,79.0
f_361,none,0.0
f_362,Mila Kunis,76.0
f_363,Miley Cyrus,100.0
f_364,Mindy Kaling,100.0
f_365,Minka Kelly,100.0
f_366,Minnie Driver,100.0
f_367,Mira Sorvino,100.0
f_368,Miranda Kerr,100.0
f_369,Miranda Lambert,100.0
f_370,Mischa Barton,100.0
f_371,Molly Shannon,100.0
f_372,none,0.0
f_373,none,0.0
f_374,Kimberly Elise,79.0
f_375,Nadya Suleman,100.0
f_376,Naomi Campbell,74.0
f_377,Naomi Watts,72.0
f_378,Natalie Portman,100.0
f_379,Natasha Bedingfield,80.0
f_380,Natasha Richardson,100.0
f_381,Naya Rivera,100.0
f_382,Nelly Furtado,100.0
f_383,NeNe Leakes,100.0
f_384,Neve Campbell,100.0
f_385,Nicki Minaj,100.0
f_386,Nicole Kidman,100.0
f_387,Sarah Shahi,71.0
f_388,Nicole Scherzinger,100.0
f_389,Zoë Kravitz,53.0
f_390,none,0.0
f_391,Nikki Reed,100.0
f_392,Nina Dobrev,100.0
f_393,Odette Annable,100.0
f_394,Olivia Munn,100.0
f_395,Olivia Palermo,100.0
f_396,Olivia Wilde,100.0
f_397,Oprah Winfrey,100.0
f_398,Padma Lakshmi,100.0
f_399,Pamela Anderson,100.0
f_400,Paris Hilton,100.0
f_401,Parker Posey,100.0
f_402,Patricia Arquette,100.0
f_403,Paula Abdul,100.0
f_404,Madelaine Petsch,72.0
f_405,Natalie Portman,54.0
f_406,Karine Vanasse,72.0
f_407,P!nk,100.0
f_408,none,0.0
f_409,Portia De Rossi,100.0
f_410,Princess Diana,100.0
f_411,Priyanka Chopra,100.0
f_412,Queen Latifah,100.0
f_413,Rachel Bilson,100.0
f_414,Rachel McAdams,100.0
f_415,Rachel Weisz,76.0
f_416,Rachel Zoe,100.0
f_417,Ramona Singer,100.0
f_418,Rashida Jones,100.0
f_419,Raven-Symoné,100.0
f_420,Rebecca Gayheart,100.0
f_421,Rebecca Romijn,100.0
f_422,Rebel Wilson,100.0
f_423,Reese Witherspoon,100.0
f_424,Renée Zellweger,100.0
f_425,none,0.0
f_426,Ricki Lake,100.0
f_427,Rihanna,100.0
f_428,Rita Ora,100.0
f_429,Jenifer Lewis,54.0
f_430,Robin Wright,100.0
f_431,Rooney Mara,100.0
f_432,Rosario Dawson,100.0
f_433,Rose Byrne,100.0
f_434,Rose McGowan,100.0
f_435,Rosie Huntington-Whiteley,100.0
f_436,Rosie O'Donnell,100.0
f_437,Rumer Willis,100.0
f_438,Ruth Negga,100.0
f_439,none,0.0
f_440,Salma Hayek,100.0
f_441,Sammi Giancola,100.0
f_442,Sandra Bullock,100.0
f_443,Sandra Oh,100.0
f_444,none,0.0
f_445,Irina Shayk,55.0
f_446,Edie Falco,53.0
f_447,Sarah Hyland,100.0
f_448,Sarah Jessica Parker,100.0
f_449,Sarah Michelle Gellar,74.0
f_450,Sarah Palin,100.0
f_451,Scarlett Johansson,100.0
f_452,Selena Gomez,100.0
f_453,none,0.0
f_454,Shailene Woodley,100.0
f_455,Shakira,100.0
f_456,Shania Twain,100.0
f_457,Shannen Doherty,71.0
f_458,Shar Jackson,100.0
f_459,Sharon Osbourne,100.0
f_460,Shay Mitchell,100.0
f_461,Shenae Grimes-Beech,74.0
f_462,Natari Naughton,56.0
f_463,Kristen Wiig,54.0
f_464,Shoshanna Lonstein,100.0
f_465,Sienna Miller,80.0
f_466,none,0.0
f_467,Sofia Vergara,100.0
f_468,Solange Knowles,100.0
f_469,Sonja Morgan,100.0
f_470,Sophia Bush,100.0
f_471,AnnaLynne McCord,75.0
f_472,Sophie Turner,100.0
f_473,Stacy Keibler,100.0
f_474,Danai Gurira,79.0
f_475,Stephanie Pratt,100.0
f_476,none,0.0
f_477,Tamron Hall,100.0
f_478,none,0.0
f_479,Taraji P. Henson,100.0
f_480,Taylor Momsen,73.0
f_481,Taylor Swift,57.0
f_482,Teresa Giudice,100.0
f_483,Teri Hatcher,100.0
f_484,Tiffani Thiessen,74.0
f_485,none,0.0
f_486,Tina Fey,100.0
f_487,none,0.0
f_488,none,0.0
f_489,Mira Nair,54.0
f_490,Troian Bellisario,100.0
f_491,Tyra Banks,100.0
f_492,none,0.0
f_493,Vanessa Hudgens,100.0
f_494,Vanessa Minnillo,100.0
f_495,none,0.0
f_496,P!nk,56.0
f_497,none,0.0
f_498,Victoria Beckham,51.0
f_499,Victoria Justice,100.0
f_500,Viola Davis,100.0
f_501,Whitney Houston,100.0
f_502,Brittany Curran,73.0
f_503,Whoopi Goldberg,100.0
f_504,Winona Ryder,100.0
f_505,none,0.0
f_506,Zoë Kravitz,100.0
f_507,Zoe Saldana,100.0
f_508,none,0.0
f_509,Shannen Doherty,73.0
f_510,none,0.0
f_511,Monica Raymund,100.0
f_512,none,0.0
f_513,Monica Bellucci,100.0
m_001,50 Cent,100.0
m_002,Aaron Eckhart,100.0
m_003,none,0.0
m_004,Adam Brody,100.0
m_005,Adam Levine,100.0
m_006,Adam Sandler,100.0
m_007,Adrien Brody,100.0
m_008,Alec Baldwin,100.0
m_009,none,0.0
m_010,Michael Clarke Duncan,55.0
m_011,none,0.0
m_012,Andy Cohen,100.0
m_013,none,0.0
m_014,Antonio Banderas,100.0
m_015,Arnold Schwarzenegger,100.0
m_016,none,0.0
m_017,Ashton Kutcher,100.0
m_018,Aziz Ansari,100.0
m_019,Barack Obama,100.0
m_020,Ben Affleck,100.0
m_021,Ben Stiller,100.0
m_022,Benedict Cumberbatch,100.0
m_023,Benicio Del Toro,100.0
m_024,Benji Madden,100.0
m_025,Bernie Mac,100.0
m_026,Billy Bob Thornton,100.0
m_027,none,0.0
m_028,Billy Ray Cyrus,100.0
m_029,Blake Shelton,100.0
m_030,Alexander Povetkin,71.0
m_031,Brad Garrett,100.0
m_032,Brad Pitt,100.0
m_033,Bradley Cooper,100.0
m_034,Brian Austin Green,100.0
m_035,Justin Deeley,74.0
m_036,Bruce Willis,100.0
m_037,Bruno Mars,100.0
m_038,none,0.0
m_039,Caleb Followill,100.0
m_040,Cam Gigandet,100.0
m_041,Carson Daly,100.0
m_042,none,0.0
m_043,Cash Warren,100.0
m_044,Method Man,53.0
m_045,Chace Crawford,100.0
m_046,Chad Kroeger,100.0
m_047,Chad Michael Murray,100.0
m_048,Chad Ochocinco,100.0
m_049,Channing Tatum,100.0
m_050,Charlie Sheen,100.0
m_051,none,0.0
m_052,none,0.0
m_053,Liam Payne,60.0
m_054,Paul Reiser,51.0
m_055,Chris Evans,100.0
m_056,Chris Harrison,100.0
m_057,Chris Hemsworth,100.0
m_058,none,0.0
m_059,Chris Klein,100.0
m_060,none,0.0
m_061,none,0.0
m_062,Kyle Howard,72.0
m_063,Chris Pine,100.0
m_064,Chris Pratt,100.0
m_065,Christian Bale,100.0
m_066,Christian Slater,100.0
m_067,none,0.0
m_068,Clive Owen,100.0
m_069,Colin Farrell,100.0
m_070,Colin Firth,100.0
m_071,Colton Haynes,100.0
m_072,Jay-Z,51.0
m_073,Conan O'Brien,100.0
m_074,Cory Monteith,100.0
m_075,Criss Angel,100.0
m_076,Cristiano Ronaldo,100.0
m_077,Josh Lucas,74.0
m_078,Dane Cook,100.0
m_079,Daniel Craig,100.0
m_080,Daniel Radcliffe,100.0
m_081,Danny DeVito,100.0
m_082,Darren Criss,78.0
m_083,Dave Annable,100.0
m_084,Dave Franco,100.0
m_085,Dave Navarro,100.0
m_086,none,0.0
m_087,David Arquette,100.0
m_088,David Beckham,100.0
m_089,David Boreanaz,100.0
m_090,David Cook,100.0
m_091,none,0.0
m_092,none,0.0
m_093,David Schwimmer,100.0
m_094,David Spade,100.0
m_095,Dax Shepard,100.0
m_096,Dean McDermott,100.0
m_097,Denis Leary,100.0
m_098,Denzel Washington,100.0
m_099,none,0.0
m_100,none,0.0
m_101,Conor McGregor,60.0
m_102,Sean Combs,100.0
m_103,Matt Barr,60.0
m_104,DJ Pauly D,100.0
m_105,N'Golo Kanté,53.0
m_106,Harry Shum Jr,54.0
m_107,Don Cheadle,100.0
m_108,Donald Faison,100.0
m_109,Donald Trump,100.0
m_110,Drake,100.0
m_111,Robert Leonard,54.0
m_112,Dwayne Johnson,100.0
m_113,none,0.0
m_114,Colin Donnell,51.0
m_115,Ed Sheeran,100.0
m_116,Ed Westwick,100.0
m_117,Eddie Cibrian,100.0
m_118,Eddie Murphy,100.0
m_119,Eddie Redmayne,100.0
m_120,Edward Burns,100.0
m_121,Edward Norton,100.0
m_122,Elijah Wood,100.0
m_123,Adam Lambert,51.0
m_124,Emilio Estevez,100.0
m_125,Eminem,60.0
m_126,Eric Dane,100.0
m_127,none,0.0
m_128,Ethan Hawke,100.0
m_129,Evan Ross,100.0
m_130,none,0.0
m_131,none,0.0
m_132,Forest Whitaker,100.0
m_133,Frank Ocean,100.0
m_134,none,0.0
m_135,Frankie Muniz,100.0
m_136,none,0.0
m_137,Freddie Prinze Jr,100.0
m_138,Gabriel Aubry,76.0
m_139,none,0.0
m_140,Gary Oldman,100.0
m_141,Gavin Degraw,100.0
m_142,Gavin Rossdale,100.0
m_143,none,0.0
m_144,George Clooney,100.0
m_145,Oliver Platt,73.0
m_146,George Stephanopoulos,100.0
m_147,Gerard Butler,100.0
m_148,none,0.0
m_149,none,0.0
m_150,Gilles Marini,100.0
m_151,none,0.0
m_152,Greg Grunberg,100.0
m_153,none,0.0
m_154,Guy Ritchie,100.0
m_155,none,0.0
m_156,none,0.0
m_157,Harrison Ford,100.0
m_158,Harry Styles,100.0
m_159,Chad Ochocinco,74.0
m_160,Hayden Christensen,100.0
m_161,Heath Ledger,100.0
m_162,Henry Cavill,100.0
m_163,none,0.0
m_164,Hugh Dancy,100.0
m_165,Hugh Grant,100.0
m_166,none,0.0
m_167,Hugh Jackman,100.0
m_168,Hugh Laurie,100.0
m_169,Hunter Parrish,100.0
m_170,Ian Somerhalder,100.0
m_171,Courtney Vance,52.0
m_172,none,0.0
m_173,none,0.0
m_174,Jack Nicholson,100.0
m_175,Jackson Rathbone,100.0
m_176,Jake Gyllenhaal,100.0
m_177,Jake Pavelka,100.0
m_178,none,0.0
m_179,James Blunt,100.0
m_180,James Denton,100.0
m_181,James Franco,100.0
m_182,none,0.0
m_183,Roy Scheider,71.0
m_184,Jamie Campbell Bower,100.0
m_185,Jamie Dornan,100.0
m_186,Jamie Foxx,100.0
m_187,Jamie Kennedy,100.0
m_188,Jared Padalecki,100.0
m_189,none,0.0
m_190,Jared Leto,100.0
m_191,Jason Bateman,100.0
m_192,Jason Biggs,100.0
m_193,Jason Derulo,100.0
m_194,Jason Lee,100.0
m_195,Jason Lewis,100.0
m_196,Roman Abramovich,71.0
m_197,Jason Momoa,100.0
m_198,Jason Mraz,100.0
m_199,Jason Ritter,100.0
m_200,Jason Segel,100.0
m_201,Jason Sudeikis,100.0
m_202,Javier Bardem,100.0
m_203,Jay Cutler football player,100.0
m_204,none,0.0
m_205,none,0.0
m_206,Jay-Z,100.0
m_207,JC Chasez,100.0
m_208,Jason Patric,60.0
m_209,none,0.0
m_210,Jensen Ackles,100.0
m_211,Jeremy Piven,100.0
m_212,Jerry Ferrara,100.0
m_213,Jerry O'Connell,100.0
m_214,Simon Helberg,51.0
m_215,Jesse Eisenberg,100.0
m_216,none,0.0
m_217,Ricky Martin,61.0
m_218,Jesse Williams,100.0
m_219,Jim Carrey,100.0
m_220,Jimmy Fallon,100.0
m_221,Jeffrey Dean Morgan,54.0
m_222,Joe Francis,79.0
m_223,Joe Jonas,100.0
m_224,Joe Manganiello,100.0
m_225,Joe Pesci,100.0
m_226,Benji Madden,100.0
m_227,Joel McHale,72.0
m_228,none,0.0
m_229,Bob Odenkirk,51.0
m_230,John Cusack,100.0
m_231,Nacho Figueras,72.0
m_232,John Krasinski,100.0
m_233,John Legend,100.0
m_234,John Leguizamo,100.0
m_235,John Lithgow,100.0
m_236,John Mayer,100.0
m_237,Ken Griffin,60.0
m_238,John Stamos,100.0
m_239,John Travolta,100.0
m_240,Johnny Depp,100.0
m_241,Johnny Knoxville,100.0
m_242,Jon Hamm,100.0
m_243,Jon Heder,100.0
m_244,none,0.0
m_245,Jonah Hill,100.0
m_246,Jonathan Rhys Meyers,79.0
m_247,none,0.0
m_248,Joseph Gordon-Levitt,100.0
m_249,Josh Bowman,100.0
m_250,Josh Brolin,100.0
m_251,Josh Duhamel,100.0
m_252,Josh Hartnett,100.0
m_253,Josh Holloway,100.0
m_254,Josh Hutcherson,100.0
m_255,Josh Lucas,100.0
m_256,Joshua Jackson,100.0
m_257,Jude Law,100.0
m_258,Julian McMahon,100.0
m_259,Justin Bieber,100.0
m_260,none,0.0
m_261,Justin Long,100.0
m_262,Justin Theroux,100.0
m_263,Justin Timberlake,100.0
m_264,Kanye West,100.0
m_265,Keanu Reeves,100.0
m_266,none,0.0
m_267,Keith Urban,100.0
m_268,Kellan Lutz,100.0
m_269,Kelly Slater,100.0
m_270,Kelsey Grammer,100.0
m_271,none,0.0
m_272,none,0.0
m_273,Kevin Durant,100.0
m_274,Gabriel Aubry,54.0
m_275,Kevin Jonas,100.0
m_276,none,0.0
m_277,Kiefer Sutherland,100.0
m_278,Kit Harington,100.0
m_279,none,0.0
m_280,Kris Allen,100.0
m_281,Rainn Wilson,54.0
m_282,Kris Polaha,100.0
m_283,none,0.0
m_284,none,0.0
m_285,L.A. Reid,60.0
m_286,Lamar Odom,100.0
m_287,Lance Armstrong,100.0
m_288,Lance Bass,100.0
m_289,none,0.0
m_290,LeBron James,76.0
m_291,none,0.0
m_292,none,0.0
m_293,Leonardo DiCaprio,100.0
m_294,Liam Hemsworth,100.0
m_295,Liam Neeson,100.0
m_296,Liam Payne,100.0
m_297,Liev Schreiber,100.0
m_298,none,0.0
m_299,none,0.0
m_300,none,0.0
m_301,Ludacris,100.0
m_302,none,0.0
m_303,Maksim Chmerkovskiy,100.0
m_304,none,0.0
m_305,Marc Anthony,100.0
m_306,none,0.0
m_307,Marcus Schenkenberg,100.0
m_308,Mario Lopez,60.0
m_309,none,0.0
m_310,none,0.0
m_311,Mark Salling,100.0
m_312,Mark Wahlberg,100.0
m_313,Martin Freeman,100.0
m_314,Martin Lawrence,100.0
m_315,none,0.0
m_316,Matt Bomer,100.0
m_317,Matt Damon,100.0
m_318,Matt Dillon,100.0
m_319,Matt Lanter,100.0
m_320,Matt LeBlanc,75.0
m_321,Matt Leinart,100.0
m_322,Matthew Bellamy,100.0
m_323,Matthew Broderick,100.0
m_324,Matthew Fox,100.0
m_325,Matthew McConaughey,100.0
m_326,Matthew Morrison,100.0
m_327,Matthew Perry,100.0
m_328,Max Greenfield,100.0
m_329,Mel Gibson,100.0
m_330,Michael Bolton,100.0
m_331,Michael C. Hall,100.0
m_332,none,0.0
m_333,Michael Fox,78.0
m_334,Michael Urie,100.0
m_335,none,0.0
m_336,Toby Jones,53.0
m_337,none,0.0
m_338,none,0.0
m_339,Milo Ventimiglia,100.0
m_340,Luis Guzmán,54.0
m_341,Nacho Figueras,100.0
m_342,Neil Patrick Harris,100.0
m_343,Ne-Yo,79.0
m_344,Niall Horan,100.0
m_345,Nicholas Hoult,100.0
m_346,Nick Cannon,100.0
m_347,Nick Carter,100.0
m_348,Nick Jonas,100.0
m_349,Nick Lachey,100.0
m_350,Nicolas Cage,100.0
m_351,Nikolai Valuev,100.0
m_352,Orlando Bloom,100.0
m_353,Owen Wilson,100.0
m_354,none,0.0
m_355,Patrick Dempsey,100.0
m_356,Patrick Schwarzenegger,100.0
m_357,Patrick Swayze,100.0
m_358,Patrick Warburton,100.0
m_359,Paul Newman,100.0
m_360,Paul Rudd,100.0
m_361,Paul Walker,100.0
m_362,Paul Wesley,100.0
m_363,none,0.0
m_364,none,0.0
m_365,none,0.0
m_366,Penn Badgley,100.0
m_367,none,0.0
m_368,George Harrison,52.0
m_369,Peter Facinelli,100.0
m_370,none,0.0
m_371,none,0.0
m_372,none,0.0
m_373,Pharrell Williams,100.0
m_374,none,0.0
m_375,none,0.0
m_376,none,0.0
m_377,Prince,100.0
m_378,Prince Charles,100.0
m_379,Prince Harry,100.0
m_380,Prince William,100.0
m_381,Quentin Tarantino,100.0
m_382,Johnathon Schaech,60.0
m_383,none,0.0
m_384,none,0.0
m_385,Randy Jackson,100.0
m_386,Ray J,100.0
m_387,Hossein Amini,52.0
m_388,none,0.0
m_389,none,0.0
m_390,Richard Gere,100.0
m_391,none,0.0
m_392,none,0.0
m_393,none,0.0
m_394,none,0.0
m_395,Ricky Martin,100.0
m_396,none,0.0
m_397,Rob Kardashian,100.0
m_398,Rob Lowe,100.0
m_399,Rob Schneider,100.0
m_400,Robert De Niro,100.0
m_401,Robert Downey Jr,100.0
m_402,Robert Pattinson,100.0
m_403,Roberto Martinez,100.0
m_404,none,0.0
m_405,none,0.0
m_406,Ronnie Ortiz-Magro,100.0
m_407,Rupert Grint,100.0
m_408,Ray J,52.0
m_409,Russell Brand,100.0
m_410,Russell Crowe,100.0
m_411,Ryan Adams,100.0
m_412,Ryan Cabrera,100.0
m_413,Ryan Dunn,100.0
m_414,Ryan Gosling,100.0
m_415,Ryan Kwanten,100.0
m_416,Ryan Phillippe,100.0
m_417,Ryan Reynolds,100.0
m_418,Ryan Seacrest,100.0
m_419,Sacha Baron Cohen,100.0
m_420,none,0.0
m_421,Scott Baio,100.0
m_422,Jared Leto,76.0
m_423,Scott Porter,79.0
m_424,Scott Speedman,100.0
m_425,none,0.0
m_426,none,0.0
m_427,Sadio Mané,60.0
m_428,none,0.0
m_429,Sean Penn,100.0
m_430,Seann William Scott,100.0
m_431,Tom Welling,71.0
m_432,none,0.0
m_433,Seth Green,100.0
m_434,Chad Faust,54.0
m_435,Seth Rogen,100.0
m_436,50 Cent,100.0
m_437,none,0.0
m_438,Shia LaBeouf,100.0
m_439,none,0.0
m_440,Simon Cowell,100.0
m_441,Skrillex,100.0
m_442,none,0.0
m_443,Snoop Dogg,100.0
m_444,Spencer Pratt,100.0
m_445,none,0.0
m_446,Stephen Amell,100.0
m_447,Stephen Colletti,100.0
m_448,none,0.0
m_449,Stephen Moyer,100.0
m_450,Steve Carell,100.0
m_451,Taylor Lautner,71.0
m_452,Steven Tyler,100.0
m_453,Stuart Townsend,100.0
m_454,Benjamin McKenzie,51.0
m_455,Lorenzo Insigne,51.0
m_456,Tate Donovan,100.0
m_457,Taye Diggs,100.0
m_458,Taylor Lautner,100.0
m_459,Roger Moore,53.0
m_460,Terrence Howard,100.0
m_461,Thomas Nicholas,100.0
m_462,none,0.0
m_463,Tiger Woods,60.0
m_464,none,0.0
m_465,none,0.0
m_466,Tim McGraw,100.0
m_467,Andrew Garfield,100.0
m_468,Tom Brady,100.0
m_469,Tom Cruise,100.0
m_470,Tom Felton,100.0
m_471,Tom Hanks,100.0
m_472,Tom Hiddleston,100.0
m_473,none,0.0
m_474,Tony Parker,100.0
m_475,none,0.0
m_476,Tracy Morgan,100.0
m_477,Travis Barker,100.0
m_478,Trevor Donovan,100.0
m_479,none,0.0
m_480,Tyler Posey,100.0
m_481,Damon Wayans Jr,72.0
m_482,Vin Diesel,100.0
m_483,Vince Vaughn,100.0
m_484,Vinny Guadagnino,100.0
m_485,none,0.0
m_486,none,0.0
m_487,Will Arnett,100.0
m_488,Robbie Amell,60.0
m_489,Will Ferrell,100.0
m_490,Will Smith,100.0
m_491,none,0.0
m_492,Wilmer Valderrama,100.0
m_493,Wiz Khalifa,100.0
m_494,none,0.0
m_495,Lee Byung-hun,54.0
m_496,Zac Efron,100.0
m_497,Zach Braff,100.0
m_498,Zach Galifianakis,100.0
m_499,Zachary Levi,100.0
m_500,Zachary Quinto,100.0
m_501,Justin Bieber,100.0
m_502,none,0.0
m_503,Zlatan Ibrahimovic,100.0
m_504,none,0.0
m_505,Darius McCrary,54.0
m_506,none,0.0
m_507,Alex O'Loughlin,52.0
m_508,none,0.0
m_509,none,0.0
m_510,none,0.0
m_511,none,0.0
m_512,Karine Vanasse,76.0
m_513,none,0.0
